,index,feature names,importances
0,0,SHOT_CLOCK,0.1840768045861689
1,1,SHOT_NUMBER,0.08550477145771265
2,2,SHOT_DIST,0.27264122232925236
3,3,TOUCH_TIME,0.17977436565407223
4,4,PERIOD,0.03228372428920121
5,5,PTS_TYPE,0.0038192234245701616
6,6,DRIBBLES,0.08849996158427918
7,7,CLOSE_DEF_DIST,0.1533999266747434
