,index,feature names,importances
0,0,SHOT_CLOCK,0.1484807277116345
1,1,SHOT_NUMBER,0.07090928245021223
2,2,SHOT_DIST,0.3152540868489962
3,3,TOUCH_TIME,0.1878279897749247
4,4,PERIOD,0.036262510863059476
5,5,PTS_TYPE,0.0
6,6,DRIBBLES,0.0904310580005843
7,7,CLOSE_DEF_DIST,0.15083434435058857
